{
  "project_info": {
    "project_number": "2256347283",
    "firebase_url": "https://covid19-app-bd9f0.firebaseio.com",
    "project_id": "covid19-app-bd9f0",
    "storage_bucket": "covid19-app-bd9f0.appspot.com"
  },
  "client": [
    {
      "client_info": {
        "mobilesdk_app_id": "1:2256347283:android:2535d940746c5375e9ad66",
        "android_client_info": {
          "package_name": "com.google.android.gms.nearby.covid_19_app"
        }
      },
      "oauth_client": [
        {
          "client_id": "2256347283-6c11iafio42srp451eudmdb6m6k8t83h.apps.googleusercontent.com",
          "client_type": 1,
          "android_info": {
            "package_name": "com.google.android.gms.nearby.covid_19_app",
            "certificate_hash": "4e2db3f5d492d4c0cc93dbfdf02a3a22049b3242"
          }
        },
        {
          "client_id": "2256347283-djekrepdflulg9lt2nudtppc8pla55qj.apps.googleusercontent.com",
          "client_type": 3
        }
      ],
      "api_key": [
        {
          "current_key": "AIzaSyBRQH24HZzeowHNhYvMRCV4jLLkuJA_1jY"
        }
      ],
      "services": {
        "appinvite_service": {
          "other_platform_oauth_client": [
            {
              "client_id": "2256347283-djekrepdflulg9lt2nudtppc8pla55qj.apps.googleusercontent.com",
              "client_type": 3
            }
          ]
        }
      }
    }
  ],
  "configuration_version": "1"
}